INSERT INTO User ('Username','Name','Surname','Number') VALUES ('Mark','Marco','Giurati','3738729336');
INSERT INTO Contact ('ContactId','ContactName','ContactNumber','ContactSurname','Blocked','Reported','User') VALUES (1,'Luke','3615039277','Owens',0,0,'Mark');
INSERT INTO Contact ('ContactId','ContactName','ContactNumber','ContactSurname','Blocked','Reported','User') VALUES (2,'Sarah','3903622275','Johnson',0,0,'Mark');
INSERT INTO Contact ('ContactId','ContactName','ContactNumber','ContactSurname','Blocked','Reported','User') VALUES (3,'Lance','3076176781','Peters',0,0,'Mark');
INSERT INTO Contact ('ContactId','ContactName','ContactNumber','ContactSurname','Blocked','Reported','User') VALUES (4,'Mark','3776240347','Till',0,0,'Mark');
INSERT INTO Contact ('ContactId','ContactName','ContactNumber','ContactSurname','Blocked','Reported','User') VALUES (5,'Fred','3400953927','Kimber',0,0,'Mark');
INSERT INTO Contact ('ContactId','ContactName','ContactNumber','ContactSurname','Blocked','Reported','User') VALUES (6,'Simon','3851480565','Cohens',0,0,'Mark');
INSERT INTO Contact ('ContactId','ContactName','ContactNumber','ContactSurname','Blocked','Reported','User') VALUES (7,'Tim','3190831670','Evans',0,0,'Mark');
INSERT INTO Contact ('ContactId','ContactName','ContactNumber','ContactSurname','Blocked','Reported','User') VALUES (8,'George','3545275828','Orwell',0,0,'Mark');
INSERT INTO Call ('CallId','StartTime','EndTime') VALUES (1,'2025-05-24 14:30:00','2025-05-24 14:40:00');
INSERT INTO Call ('CallId','StartTime','EndTime') VALUES (2,'2025-05-24 14:30:00','2025-05-24 14:40:00');
INSERT INTO Call ('CallId','StartTime','EndTime') VALUES (3,'2025-05-24 14:30:00','2025-05-24 14:40:00');
INSERT INTO Call ('CallId','StartTime','EndTime') VALUES (4,'2025-05-24 14:30:00','2025-05-24 14:40:00');
INSERT INTO Call ('CallId','StartTime','EndTime') VALUES (5,'2025-05-24 14:30:00','2025-05-24 14:40:00');
INSERT INTO Call ('CallId','StartTime','EndTime') VALUES (6,'2025-05-24 14:30:00','2025-05-24 14:40:00');
INSERT INTO Call ('CallId','StartTime','EndTime') VALUES (7,'2025-05-24 14:30:00','2025-05-24 14:40:00');
INSERT INTO Call ('CallId','StartTime','EndTime') VALUES (8,'2025-05-24 14:30:00','2025-05-24 14:40:00');
INSERT INTO Call ('CallId','StartTime','EndTime') VALUES (9,'2025-05-24 14:30:00','2025-05-24 14:40:00');
INSERT INTO Participation ('CallId','ContactId') VALUES (1,1);
INSERT INTO Participation ('CallId','ContactId') VALUES (2,2);
INSERT INTO Participation ('CallId','ContactId') VALUES (3,3);
INSERT INTO Participation ('CallId','ContactId') VALUES (4,4);
INSERT INTO Participation ('CallId','ContactId') VALUES (5,5);
INSERT INTO Participation ('CallId','ContactId') VALUES (6,6);
INSERT INTO Chat ('ChatId','ChatName','CreationDate','Archived','ContactId') VALUES (1,'Luke','11.09.2020',0,0);
INSERT INTO Chat ('ChatId','ChatName','CreationDate','Archived','ContactId') VALUES (2,'Sarah','11.09.2020',0,1);
INSERT INTO Chat ('ChatId','ChatName','CreationDate','Archived','ContactId') VALUES (3,'Lance','11.09.2020',0,2);
INSERT INTO Chat ('ChatId','ChatName','CreationDate','Archived','ContactId') VALUES (4,'Mark','11.09.2020',0,3);
INSERT INTO Chat ('ChatId','ChatName','CreationDate','Archived','ContactId') VALUES (5,'Fred','11.09.2020',0,4);
INSERT INTO Chat ('ChatId','ChatName','CreationDate','Archived','ContactId') VALUES (6,'Simon','11.09.2020',0,5);
INSERT INTO Chat ('ChatId','ChatName','CreationDate','Archived','ContactId') VALUES (7,'Tim','11.09.2020',0,6);
INSERT INTO Chat ('ChatId','ChatName','CreationDate','Archived','ContactId') VALUES (8,'George','11.09.2020',0,7);
INSERT INTO GroupChat ('GroupId','GroupName','CreationDate','Archived','GroupOwner') VALUES (1,'Informatica Uniurb','11.09.2020',0,'Mark');
INSERT INTO GroupChat ('GroupId','GroupName','CreationDate','Archived','GroupOwner') VALUES (2,'Tirocinio 2025','11.09.2020',0,'Mark');
INSERT INTO GroupChat ('GroupId','GroupName','CreationDate','Archived','GroupOwner') VALUES (3,'IT Group','11.09.2020',0,'Mark');
INSERT INTO GroupChat ('GroupId','GroupName','CreationDate','Archived','GroupOwner') VALUES (4,'Testing Team','11.09.2020',0,'Mark');
INSERT INTO GroupChat ('GroupId','GroupName','CreationDate','Archived','GroupOwner') VALUES (5,'Production Team','11.09.2020',0,'Mark');